{"embed_dim": 7, "batch_size": 128, "lr": 0.001530574436550018, "weight_decay": 8.692991511139554e-05, "dropout": 0.25}