{"embed_dim": 17, "mlp_dims": 11, "batch_size": 128, "lr": 0.003961867790406584, "weight_decay": 6.97828126512603e-05, "dropout": 0.4}